Label,Soft_window_feature_192,Bone_window_feature_322,Standard_window_feature_74,Standard_window_feature_1635,Bone_window_feature_154,Soft_window_feature_1546,Bone_window_feature_10,Soft_window_feature_1012,Standard_window_feature_912,Soft_window_feature_1710,Standard_window_feature_208,Standard_window_feature_273,Bone_window_feature_1857,Standard_window_feature_511,Standard_window_feature_460,Soft_window_feature_216,Bone_window_feature_1253,Bone_window_feature_1843,Standard_window_feature_1149,Soft_window_feature_1507
0,0.770457647,1.59593924,0.148898474,-1.058331269,1.214180676,0.380862515,0.596926984,0.960505914,1.753415456,0.267346958,0.444376665,2.113757989,0.007890243,-0.407177017,-0.40995017,-0.382264415,-0.123047037,1.022905918,-1.517500001,0.657071783
1,-1.025090396,-0.367847217,0.322990813,-1.377662421,-1.687741098,0.027111434,-0.539214721,-0.684466297,1.348366895,-0.330516001,-0.05068217,-1.525616137,-0.715720399,1.274795627,-0.96389217,-0.883169585,0.198591354,-0.868076921,-1.28726645,-0.004041443
1,-0.205075159,0.238566755,-1.179063828,-1.980167132,-0.163363276,-0.168123367,-0.414897835,0.207657921,-0.296087291,0.296812277,0.050354836,-0.248838718,-0.609441229,1.427708772,1.362592971,0.484962855,-0.161029361,-0.789992458,-0.493947399,1.388498455
0,1.719788095,0.666668877,0.112898533,0.454706398,0.442195054,0.258831086,-1.180206576,-1.205355565,1.181035017,-0.181176008,1.074325293,-0.685402603,-0.9689186,1.547981019,-0.286010894,-0.225360521,0.799921765,0.51721858,-0.705159202,-0.918198
0,0.160191646,1.035148084,0.733118301,0.303500021,-0.04851745,0.86134561,-0.102123199,-1.638549287,-1.009862446,0.355538101,-0.026648909,-0.39707565,0.382823332,-0.954670882,1.047620412,-1.136908202,1.077835048,-1.022573156,-0.889866343,0.874253233
0,-0.392737051,1.719798224,-1.071145841,0.329214447,-0.263794761,-0.418996033,1.495945513,-0.848309574,0.325743912,0.275742875,0.278455844,-0.933818657,-1.973122136,0.140007692,-0.468795343,2.115591929,-1.998998293,-0.209959379,-0.698828227,1.788154743
0,-0.661503385,0.125840381,0.779105575,1.133490464,0.985829626,2.889077105,-0.743737318,-0.60671628,-1.7785346,-0.998761075,0.898504569,1.157142744,0.227255858,-0.062235538,0.125240731,-0.249028467,-0.758679415,-0.327040712,0.074661989,1.121074707
1,0.634086801,-0.095431348,-0.389072567,0.443106596,-0.102877955,0.155233767,0.153771609,-0.324223258,0.52737504,1.167858079,-1.616573971,0.734315571,-0.362997805,-1.032115818,-0.105407264,-0.204887035,0.912468502,-0.953800901,-0.54557905,1.232925361
1,-0.279833317,0.544010705,-0.094809524,-0.201720662,-1.01487192,-0.021776504,1.300965586,-0.095325789,1.252440566,2.25332399,-1.002977378,1.059251675,0.178598459,0.152501349,0.464133986,-0.032000067,1.831698919,-1.955134814,1.430765097,-0.626983438
0,0.165413902,-1.434098478,0.485162396,1.234334301,0.722108178,-0.645081797,-0.235740549,0.009452619,0.104998676,1.303376399,-0.229892946,-1.307014128,-0.114032197,-0.527732939,-1.08494943,1.567312426,-0.949938931,1.031615969,0.728851012,0.988314892
0,0.833269729,0.309800196,0.645200953,0.956499829,-0.855347278,0.242925703,-0.374731529,0.382876453,-0.135470233,0.668671569,-0.746179461,-0.780488351,0.194766687,0.424473725,-1.158658197,1.259107124,0.152937699,0.506691295,-0.62850683,-0.871005905
1,0.005989195,0.350922043,-0.82972422,0.204202545,-0.283331332,1.865190051,0.300793402,0.374530314,0.301926519,0.977253178,-0.305920322,0.372884472,-0.217518115,1.075118206,-0.372227675,-0.129937805,1.004191104,0.073334718,0.233415606,-0.241247831
0,0.033168427,0.754798021,0.922950563,1.790894349,-0.887040495,-0.505346175,0.328339536,0.581875081,-0.146345184,-1.391232014,1.137141739,-0.360819226,-0.089460824,-0.04161913,0.097946965,0.091767822,-0.249205484,0.057430156,1.500308579,2.102310553
0,-0.146091993,0.174941133,0.462875025,0.185959411,-0.325487154,-2.332513888,-2.271025752,0.050756537,0.099955707,-1.785600557,-0.364267854,-0.746790589,-0.480805053,0.208475106,-1.159391084,-0.861220434,0.774552555,-0.100976714,-1.439726946,-1.129213579
1,-0.187215695,-1.16099077,0.317548125,0.798810693,-0.890987384,-0.452354044,-0.555982353,-0.682015093,2.155365043,-0.47682902,0.900238839,-0.73830775,-1.330017137,-0.890672929,1.39521725,-0.03511936,1.889631938,0.900763763,-0.961891858,-0.462334678
1,-1.125525865,0.398147547,-1.395311463,-1.232439936,1.513841023,-1.412262353,-0.051251505,0.447794274,1.201096677,-0.598131239,0.650769629,-0.544897024,-1.005489558,1.728733585,0.894819139,-0.82817404,1.204645446,-0.496791377,1.119609673,0.277172351
0,0.693293559,-0.313372129,-1.1801355,0.022821631,2.65625291,1.426397931,-0.040321302,0.282352184,0.05841883,0.966385746,-0.858306894,0.392279418,-0.836775705,0.263419092,-0.475830389,-0.856666363,-1.679038515,0.731855441,1.410754633,0.740206628
1,-1.125628017,-0.869877579,-0.595390866,0.317684897,0.998136551,-1.373497242,0.033454347,0.442957011,-0.277729416,-1.012361288,-0.432084284,0.023114788,1.284040615,1.684165255,0.929387324,-0.250744812,1.475948573,-1.355436308,-0.882115327,-0.039062941
0,2.236935357,0.72293434,0.710889637,0.52022353,-0.134617445,-0.020854557,1.522829767,-0.12744826,-0.927603988,-1.606147151,-0.441479281,0.633607361,1.077284491,-0.971607395,0.582764286,0.447025977,0.526139783,0.475860137,-1.160130893,-0.969500775
0,0.707498766,2.195564141,0.621666144,0.505311471,0.694490092,-0.1672114,-0.361750947,1.32810546,0.556420503,0.521047163,-0.195523113,-0.146775281,0.723139738,1.547328981,0.236592611,-0.854116328,-0.624864807,0.86481458,-0.008723511,-1.182862733
1,-0.372078763,-1.154131283,-0.709900066,-0.060050459,1.056812808,1.962895379,0.055950222,0.524722011,0.867302192,-1.278887322,0.415340454,-0.634719567,0.667917501,-0.58452137,-0.591402375,1.195011028,0.803681009,0.220985804,0.531296473,0.018119851
1,-1.206184554,1.232812147,-1.723030115,-0.076118735,-1.254771894,0.234170138,1.352945246,-0.973999653,-2.162387433,1.203049136,-0.327358381,-1.39519466,-0.695966231,-1.817547149,-0.142730702,-0.524588917,0.424175592,0.519105625,0.67838276,1.424325086
0,-1.285472404,0.052194607,0.269337096,0.14785695,-0.249917631,-0.097135213,0.419087984,-0.735591824,0.420336942,2.152326921,1.01747603,0.002019667,1.150643071,-0.20672427,-0.001163042,1.290808108,-0.776241897,-0.65893943,-0.13270643,0.161575668
1,0.337968005,0.016595959,-1.087410925,-0.715807206,-0.477818287,-0.662139699,0.293020899,-0.471120626,1.787081968,0.554318906,-1.328236075,-0.23133773,1.025832884,0.459512925,-0.839449841,1.473318611,0.927830886,0.351071937,0.44199396,-0.129378219
1,1.770419795,-1.095772098,1.498568903,-1.078977577,-1.203447356,0.99635587,-0.147614822,-0.981529593,0.396512201,1.76777786,-1.443211164,-0.441993764,1.242575618,-0.532071618,-0.903460304,0.103719809,1.530877078,0.823665262,1.450971429,0.370275083
1,1.097811397,-0.857176015,-0.627758079,-0.533053886,-1.734686423,-0.480122561,1.594341817,-1.11921598,-0.842358182,-0.204430332,-1.097743771,-0.218569302,-0.659856759,0.481085656,0.78373863,0.535046859,-0.260719497,-0.153906222,0.278219667,0.097569687
1,0.155693741,-0.640245415,-0.018887293,-0.934575107,-1.360062512,-1.332596753,0.987604438,-0.357720442,-0.649239765,0.903573779,0.4876525,-0.516288282,-0.278538751,-1.079158147,-0.284298669,0.110841053,-0.135308575,0.007325987,1.930769709,-0.491484453
1,-1.542085145,-0.587864854,-0.311272419,-0.051896727,-0.399486912,0.802611532,0.486540502,-1.658506072,1.019270326,0.838359773,1.399147591,-1.425598137,0.844739568,0.345753942,0.701537041,-0.96063751,0.015540582,0.9213518,-0.743142619,1.605176328
0,-0.005620778,1.939995246,1.173262938,1.533571118,1.020297036,1.224573915,-0.034578565,0.190601987,-2.043659935,0.645598539,-0.656232074,-0.019818854,1.025541294,-0.909571178,2.204220225,0.482052412,1.671228645,-0.370800401,-0.410445559,1.177423928
1,-1.450192945,-0.60160364,-1.223663121,-1.149325311,0.029803789,-0.7317131,2.890840512,-0.307459466,-0.197712246,2.472589791,0.819988799,1.32976815,-0.331207306,-0.201558926,0.157074586,-0.976909498,-1.345883836,-1.619933461,-0.231843311,-0.12171672
0,-0.066198731,1.552976952,-0.247612157,-0.846166557,-1.293525529,1.114896361,-0.469575582,0.148619399,0.209329199,-1.204051774,-0.521421845,1.300012271,1.088441279,-0.091487709,0.001066389,0.782706036,0.398045203,-2.231970028,0.222029576,-0.029007372
1,-1.155299973,-1.013799357,1.929404007,0.181605095,-0.138437854,-0.35604695,0.786214741,0.08136445,0.292123181,-1.896388882,-0.639995207,-0.113563684,-0.038092733,1.174968533,-0.149335307,-0.987987643,-0.082915815,-0.436253414,1.800444703,-0.474770691
0,0.344142846,1.7325694,0.624477327,-0.246589395,-0.099167721,0.524660346,0.171798263,-0.352236068,-1.625474223,0.561458439,0.393650481,0.17540589,-0.66203104,-0.037833185,0.547013696,-0.994200276,-0.418453776,-0.32716711,-1.551387211,-1.057214035
0,1.973868821,0.754854247,0.679519734,-0.561845563,-1.257092167,0.532387282,-0.133379727,0.025901107,-0.700565851,-0.318382776,0.557281418,-0.39582338,0.285593004,-0.474545335,-1.400084135,1.627767714,-0.919459546,0.862726715,-0.239930845,0.00569776
0,-0.844827743,0.641861739,0.078164177,-0.444697189,0.10614233,-0.632631907,0.727481327,-0.193896564,-0.301644871,0.082714224,-1.534297829,0.890182766,1.280432245,-0.103436127,-0.247714273,0.301809396,-1.240564694,0.117859558,-1.638135803,-0.917532092
1,1.129187436,-0.458021891,-0.666139751,-0.155281732,-1.063889846,-1.571807262,1.364864887,-1.866284563,0.558620814,0.267036481,-0.143257664,-0.656764311,1.448198787,1.139378474,0.635432217,-1.654735418,-1.263360233,-0.757229047,0.554774908,-0.302619208
1,-0.399149056,-0.825083684,-0.234002059,-0.139199239,2.390135388,1.031009217,2.148967161,-1.028692254,0.795342185,0.924280595,-0.861345238,1.483691308,0.630316194,0.589477687,2.080335101,1.265846414,0.292862975,-0.235197062,-0.553220672,1.089799535
0,-0.053352575,-0.175353204,0.22142494,1.17223564,-0.033651394,0.356479631,-0.191626153,0.53164219,0.738645599,-0.40889309,-0.855265853,1.235116933,0.626407643,1.169169138,-0.768854464,-0.042999861,0.320903326,0.540826627,0.576099839,0.313652152
0,-0.125980897,-1.038341969,-1.229330675,0.731288477,-1.373974017,-0.116186019,0.2444959,0.430535087,-1.466240766,0.712931607,1.804400368,1.182886133,-1.563518438,-0.867369673,0.811582523,-0.108520696,0.423047288,-1.107088824,-0.797414317,-0.365074464
1,-0.063243822,-0.944528715,-1.633941826,-1.648082053,-0.874775877,-0.754412116,-0.990418625,0.041204485,1.016832633,1.302534347,-0.891386948,-0.193147534,-0.698010227,-0.484230355,-0.634479074,-0.467305563,-0.28817882,1.61258888,-0.183852231,0.965575668
0,0.828431794,-1.203692548,0.435057083,0.356369021,1.606634335,-0.251457136,-1.328248084,0.403582265,-2.78497939,-0.16263783,0.50018078,0.534282682,0.371881776,0.269557248,1.309649361,1.423080845,-1.13701443,-0.399842312,0.514176795,2.25484085
0,1.212673522,0.966156961,0.692857645,0.661866552,-0.638806046,-1.570601401,0.474483009,0.00762102,-0.297457328,-0.548012297,-0.499424936,1.863174258,1.380495436,-0.819184028,0.533560804,0.301823107,-0.988140468,1.162925175,0.354772368,0.095737255
1,0.33437411,-1.154569573,0.43705455,1.026533523,0.425089372,-0.006291658,-0.772014902,-1.344034189,0.582864648,0.677968884,-0.354668683,1.823273311,-0.54598097,0.883108608,-1.472533269,-0.519062821,0.524494165,-1.574335011,-1.142541688,0.858806415
1,-1.477749711,-1.687756516,-1.360951054,-0.934112202,0.190315594,-0.757451889,-0.386897886,-2.71553645,0.774453642,0.01299902,0.701277883,0.208972702,-0.479356169,0.404559945,-0.314606444,-0.352462184,1.056694229,-0.556329231,0.963581535,0.366794469
1,-0.781487041,-1.621245733,0.477517301,1.18065825,-0.520014212,0.745832159,-1.197371658,-0.906609202,0.186441272,0.696799447,-0.28006999,-0.515930579,-0.029926296,1.659568039,-1.132087166,-0.433385082,-0.475044966,-1.661606515,0.38425811,1.304363267
0,-2.029506517,-0.372631723,-0.130540479,0.687750333,0.592015973,0.299446972,-1.089557652,1.581127283,1.160152408,-0.82205601,-0.384801287,-1.665340991,-2.348468987,-1.917075953,0.678389538,-0.732764791,-1.115692324,-2.719775343,0.757492161,-2.435237254
0,1.399615705,0.628806224,-1.0819935,0.331572041,-0.135917504,2.600128292,-0.13445645,1.853411876,-0.408981958,0.289570337,-0.638091016,0.949253461,-0.028100397,-0.492780678,0.748050191,1.054340682,0.386527018,1.465399715,0.101970264,0.290007672
0,-0.230949988,-0.428163579,0.203925226,0.518024,-0.540568354,0.358938154,-1.728648252,0.207242727,-0.788017902,-0.699605603,0.37414817,0.837356003,1.429962225,-0.341874613,-0.743579679,0.011432546,-0.435021454,1.187178741,-0.004515132,-1.367845982
0,0.667365511,0.13130896,0.306856307,0.129198582,1.001409172,0.863156466,-0.957471484,0.206559425,0.34089825,0.465321535,1.69052464,-0.635459234,0.652571071,-1.586006031,1.202311441,0.017333251,-0.00202683,-1.313637165,-1.280158949,0.070601591
1,-0.452421708,1.095060158,0.056134049,-0.4933967,0.174546108,0.215080444,-0.08084061,0.523013465,0.183696394,-1.719590817,0.411472465,-1.008231994,-0.946338727,2.135197144,0.412460161,1.025847869,0.19236008,-0.915087579,0.320775416,2.31367686
1,1.219938461,-2.303219013,-0.078522379,0.020154597,-0.279465091,0.10605985,1.348586821,-1.07778235,2.144644956,0.99669384,-1.663697297,-1.62437689,0.083984809,1.217495683,-0.985363138,0.132933193,0.376673793,-0.509422827,-1.67692457,1.093118709
1,0.238895159,0.197177704,-1.088541661,0.95126821,0.18268271,-1.952262096,0.621003642,0.303822949,0.227093899,-1.810024779,-0.713221588,-0.267938792,-0.117615274,-0.767786157,0.267933874,0.163740991,1.182145732,-1.087114015,0.614050612,-0.225280253
1,0.891801426,-0.734864566,2.484601863,-0.776516735,0.691629523,0.331132471,-0.035106137,0.031755507,1.839677203,-0.800259627,-0.382011351,-0.809022131,-0.853940399,0.621032977,-0.876177308,0.505412101,-1.092267211,1.338391408,0.88515663,0.451046072
1,-0.490624076,0.702819069,-0.892538032,0.505423538,-0.36430425,-0.126792361,-1.166540602,0.002780282,0.045132184,-1.230310274,-0.781922145,-0.317822441,0.125743783,0.685346082,-0.914627768,-1.108279502,0.934340537,-0.927720875,0.969958351,-0.585012857
1,-0.692824418,-1.047985947,0.732022079,-1.8765927,-0.990228985,-0.206297248,-1.695930112,-1.998133054,-0.515919734,-0.096059967,-1.476304434,0.2818784,-0.506022124,-1.387737987,-0.797898915,1.881251694,-0.367956946,-1.239480559,0.070334839,0.488982399
1,-1.935919522,0.982965649,2.270036098,-0.662233186,-1.158747386,0.161548704,-1.098737013,0.795864678,-0.101607597,-0.526770287,-1.29150893,-0.213107339,-0.350710926,-0.223239581,-0.836664437,0.898222732,1.152376325,-0.574580913,0.288572877,-0.847222201
1,-0.693914873,-0.455467656,-0.203309957,0.757830026,-0.222114893,-0.099607158,1.806239467,0.564029875,-0.162437184,0.586405551,-1.931298664,-1.184468018,0.556913708,0.704724741,-0.187632852,-0.819176078,0.920003678,0.083861081,0.569053808,-0.024465096
0,-0.130152701,-0.863789182,1.184243667,0.567587433,1.292613412,-0.132401815,1.75569211,1.954484524,1.682098926,-0.575716073,-0.480064765,0.902169224,-1.708639726,1.049622002,1.807931574,1.532663538,-0.191985478,-0.129818111,0.443537981,-0.633965699
1,-0.028071728,-0.566614367,-0.325680579,-1.139398993,-1.050423886,0.603210937,0.243333825,1.396296765,1.389685606,1.052782416,1.042118038,-1.960794002,0.722899689,0.764680056,-2.929146052,-1.330997307,-1.054620913,0.765658018,-0.081749898,-1.482587175
0,0.586276783,0.797751474,-0.560789223,3.100687945,-2.060105552,-0.629044266,-0.240447468,-0.685717378,-0.350663823,0.52269472,0.321040129,2.178498737,0.182806713,-0.338942688,-0.73709076,-0.788487518,0.768149476,-0.160392476,-1.687410095,-1.14063977
0,0.189994686,0.964261366,0.339799917,0.600492565,1.129681735,-1.190374043,-0.986968795,1.135729657,-0.095303675,-0.143252894,-0.445165481,-0.274859871,-1.68787907,-0.340459614,-0.134222187,-0.419137696,0.520612799,0.763661798,-0.672349611,-1.294693836
0,0.8924697,0.093044965,0.982255466,-0.420241429,1.213080253,-0.291487643,-0.844918028,0.164417592,-0.795502803,0.224362121,1.347741185,0.14425777,0.658528866,-0.505199388,0.539096538,0.852327983,0.441279926,0.669253292,0.054160119,0.288702516
0,0.593518864,-0.532892573,0.688158581,-1.360074546,-0.963124753,-0.221071448,0.709041118,0.958856722,-0.863294484,0.811881985,0.320196999,1.134403435,0.36401552,0.973590192,0.297553374,-0.913400535,1.593064657,-1.237864762,0.22064461,0.486317285
1,-0.453393224,-0.439737958,0.893910089,-0.573496798,-0.308635314,-2.859042683,-2.028215881,0.452107189,0.627702274,0.393439503,0.23721636,-0.325390183,-0.397715184,-3.075119178,-2.422940528,-0.224937433,-0.189257068,-2.993430629,0.907709902,0.124785426
0,-1.595751046,1.123758088,1.225731125,-0.867092197,0.097365394,-0.735296612,0.351804881,-0.731830764,-0.063014265,0.306249632,-1.222677561,0.873172919,0.557640537,-0.07231328,0.129502064,0.280117818,0.266644977,1.286011776,0.271832085,-0.940106617
0,-0.267276115,1.080002487,0.026077764,1.234688066,0.691719426,0.674589344,-0.004416796,0.138159654,1.781637145,-0.111756083,1.605854773,1.814508043,0.809977806,-1.539427998,0.955720213,-0.908823938,-0.450273473,0.318485359,-1.167694376,2.102219909
1,-0.293213807,-0.101197387,-1.062038048,-0.887362578,0.040520676,-1.812684433,0.568189788,-0.96349532,-0.075863166,0.197121891,0.454811144,-0.506863596,-1.336431646,-0.323833382,-1.31153239,-0.698627869,0.19593652,-0.049890889,0.292885441,1.054271497
1,-0.603276358,-1.491547349,-1.28862348,-0.642759821,-2.572626425,-1.87617106,-1.030185547,-1.19886361,0.136496245,0.405555721,-0.998759029,-1.17841849,-0.82673135,0.447257224,0.994989095,0.72987392,-1.690009046,-1.764061407,1.16318331,-0.486848571
0,0.146479341,1.70981154,-0.288823158,-0.360695644,-0.74617235,1.110801115,-2.491828025,1.734903425,-0.548571152,1.177886716,1.994667319,1.335953294,-0.115758832,0.336033322,1.064483295,0.498794008,-0.63095234,0.153679575,0.160945568,1.358175935
1,-1.809183114,0.621048739,-1.488449123,-2.177321099,-0.98041024,0.2843923,0.700221202,-1.832813437,-1.177209302,-0.163128514,-0.077301461,0.241678538,-0.56103581,0.677288535,-1.223639074,-1.484103694,-0.546048488,-0.577203892,1.163545873,-0.476847211
1,-0.163680005,-1.360356318,-0.618955563,-1.35694168,0.669494158,0.354228278,-1.630565656,0.654339055,0.437934061,-0.517038377,-0.073402725,0.867425727,-0.443822242,0.777493362,-0.913029998,0.419992671,-1.243099681,-0.154459788,1.963421285,-1.616171673
1,-1.489794367,0.904882093,0.024997908,-1.81710922,-1.194506481,-0.424875636,1.151011551,0.452238638,1.330420767,1.075091918,-0.670443378,2.187837574,-0.098102587,1.324210776,0.090744234,0.544033559,-0.516757331,1.563671187,0.186143403,-0.324874701
1,0.25457657,1.433492296,-0.931338126,-0.503898827,1.789247572,-0.228811462,-0.760772923,-0.058191465,1.541599764,1.690931446,-0.195714611,-0.557421592,-1.522133139,-0.620292052,-0.66635785,0.480018261,0.324749042,-1.541530698,-0.834421521,0.573105442
0,1.534405694,1.665706807,-0.846394206,0.179829581,1.12164385,0.834034797,-1.519024507,0.338541102,-0.95833515,-0.952502837,0.843022763,0.091589951,1.762767914,-0.527957405,0.361525378,-0.517849871,-0.553649656,1.47355497,-0.436743935,0.27594599
0,0.916812249,2.30356411,0.765176679,-0.679862458,-0.041377707,0.35348253,-0.373320485,-0.017338064,-1.367888895,0.522559383,-0.537531676,1.815352843,-0.799485078,0.396360373,0.610892781,0.649978381,0.467534333,0.400040065,-0.64806791,0.295908424
0,-1.358966162,-0.08705003,-0.298673152,-1.778034952,-0.217935757,-0.675370094,-1.056204365,-0.318612068,0.682348043,-0.505539133,0.639515754,-0.90103848,-0.21351698,1.23380414,1.137796387,-0.944271013,-1.050215027,-0.138894438,0.507583969,-1.24135542
0,2.544619479,1.823995488,-0.053235606,0.237088441,-1.17587951,-2.892225527,-0.737983308,1.549539004,0.366977843,-0.204680016,0.988632666,-0.223713999,-0.582826337,-2.394769097,0.699926349,0.058209707,-0.571810234,0.678548278,-0.632189075,0.348664763
0,-0.295319354,2.032145838,-1.418586183,0.416975682,1.397763888,-0.805200385,-0.09521871,1.299282241,0.403971103,-1.408438542,0.213301775,-1.712682151,-0.7772407,-2.703421637,0.933329288,0.168540639,1.211516535,-0.272786644,-0.342165841,0.233559513
1,-2.59158318,-0.520788069,-0.313594732,-0.133198621,0.947020022,-1.36892915,1.773445315,-2.132957387,-0.224953319,1.162969326,-0.362754751,0.138179937,-1.026798079,0.285704944,-2.313991301,0.131797123,-0.590455509,0.171238377,1.208071066,0.727968491
0,1.583304381,-0.118320668,-0.597614622,0.479751765,1.538540368,0.279480758,-0.693043413,1.460765807,-0.217430832,-0.476785597,1.171514539,-1.246037655,1.516176071,-0.880127144,-0.962330091,-0.076241639,0.23076604,-0.658005441,0.620168354,0.599610543
0,-0.962231881,-0.652331178,0.958746985,-0.440860139,1.247896695,0.161542509,-0.096319589,-0.981081103,0.681384665,-0.564174492,-0.173577451,0.413402534,-0.455783647,-0.319415259,-1.064050435,-1.04493801,-1.539523601,0.467246652,-0.273543007,-2.293852328
1,0.757038939,0.676414596,-0.137225267,-0.320912591,-1.917664117,-0.584945012,0.835617738,-0.481632776,0.573532966,-1.144801612,-0.909043597,-1.413456155,1.832764854,-1.473687528,0.671858775,1.52889884,2.057572534,1.111132323,1.344034564,0.703655733
0,-0.015705615,-1.851705211,-0.738091954,0.528409878,0.309641994,0.609450853,-1.386564723,1.170395694,-0.925793945,-0.747089829,-0.555682174,0.879216849,0.500459252,-3.098691869,-1.055396081,-1.019347071,-0.713197945,1.731633527,-1.146761181,0.239607487
0,-0.171407129,-1.145206722,-0.358714207,1.431065925,0.160936921,0.085984888,1.170248914,1.088499535,-1.059383858,1.122944881,0.566960694,0.185521097,-1.310436683,-1.232956415,0.031136944,-0.549549141,-2.366077572,-0.817147016,-0.851094593,-0.436855989
0,-1.511488462,0.116668695,0.919894944,0.864414385,0.223388195,1.689910108,-1.308040607,0.012413694,-0.455171535,-0.298747794,0.356500691,-0.401220023,0.701114411,0.721232183,0.857388322,-0.046330699,-1.266967772,0.005084353,-0.235545351,1.816664381
0,0.310917713,-0.280021958,-1.689911806,-0.680410668,0.853756045,0.458198643,-1.128026259,0.604428127,-0.001104304,0.982153511,-0.316641509,1.6411607,1.045598506,-1.354773694,-0.577480582,0.839458082,-0.842361284,-0.222708308,-1.178996017,0.562126547
0,-0.414529726,0.114419951,1.823691274,-0.018364353,-0.07353586,-0.571553215,-0.605319001,1.509481824,0.078141655,-0.131974748,-1.122443228,-0.293829617,1.214939444,-0.037184519,0.161833742,0.234348429,-0.149319649,0.858819462,0.518546313,-1.249829457
0,0.767773834,0.941423987,-1.17493796,0.962742144,-2.444795,-1.179648974,0.434480322,1.902107625,-0.547582623,-0.661335102,0.178758245,1.863914547,2.178444422,-1.046726726,0.040577106,0.677458036,-0.018714355,1.772056136,1.621100658,-1.349719535
0,-0.233758098,0.643672729,0.424587996,0.995733835,1.744845954,0.515639105,0.144249552,-1.128709835,0.064994612,-0.162456537,0.747045888,0.436111983,0.220887164,1.141083517,0.49470944,-0.998581978,-1.912950587,0.670464371,-0.706814701,0.742620841
0,-0.791674744,0.382590274,-1.129992472,0.421284418,0.604250624,-0.133472773,0.714140012,0.699902614,0.610618918,0.010632806,2.644961119,-0.950002055,2.625515324,-0.91476875,-0.309204857,-0.409956102,0.026766736,0.2998551,0.894234615,0.105179643
0,-0.211999354,1.513574528,0.638281336,1.501498546,0.437863436,-1.281602344,-1.654647145,1.576390489,-1.181397693,-0.822753679,2.245848143,0.095034783,0.443338099,-0.865204456,2.412296382,-0.217635984,-0.858580041,0.029065441,0.167917975,0.024556766
0,0.896642576,-0.013428352,-2.404643337,1.416577464,0.334573586,1.918672579,1.536411034,1.137330786,0.244217101,-0.059249578,0.866419225,0.777665082,-0.11844089,-0.510462538,-1.74477865,0.506568493,-1.079949921,0.50505028,2.575452547,-0.73586772
0,1.343102404,1.838583544,-0.176011841,0.22865705,1.210266398,0.448924117,-0.075606442,0.526990808,1.0316747,1.1847563,0.557485592,1.070716821,-0.741069665,1.527808297,0.457544764,-1.534996413,-0.411342994,0.801115756,-0.195932828,-0.704370974
0,0.527697939,-0.323802458,1.805533684,-0.245941663,1.017857774,0.778066558,1.296852589,-0.292313306,-2.038144745,1.544527238,0.212636117,0.236381741,0.349361557,-0.239045894,-0.239397749,0.189523642,0.58688958,0.770265223,-0.169116306,-0.17021249
1,-1.102051609,-0.649013885,0.122425104,-1.383098521,1.68572944,2.096253775,0.509317556,-1.077305775,-0.073319498,1.35771103,-1.931376342,-0.552874725,0.770185516,0.604338169,2.235314116,-2.206137887,1.019063102,0.425757198,-0.316686359,2.050846041
1,-0.059940667,-0.194364585,-1.479102944,1.273445787,-1.704096272,-0.131548352,-0.236177294,0.499285195,-1.297588023,0.945422007,0.041213103,-1.734401231,-0.938631389,-1.023202002,0.528916104,-1.226403036,0.124438819,-0.124857853,0.100034507,0.666583488
1,0.655720891,0.0985189,-0.341435801,0.399010208,0.095019119,-0.24627992,1.910350809,0.316927307,0.655474066,0.06121674,-0.15864223,-0.585349766,-0.870237957,0.027882178,-0.583051084,-0.782461944,0.125767753,-0.188749195,-0.37786969,1.384129174
0,-2.225534875,-0.166757962,-0.80069442,-1.43947506,1.182575598,0.072933789,-0.059122243,-1.509374363,-0.543884258,0.205002878,0.389845606,0.327384391,-0.255916403,0.038592472,0.999408267,-0.117125931,0.441472211,2.520073082,1.365527928,-0.024875956
0,-0.138416302,0.465893681,1.371960692,0.304377324,0.367038024,1.073062225,0.342467699,0.268535859,-0.128926384,-1.257160056,0.238357256,0.54909779,2.044204558,-0.056271634,1.625949548,-1.123703845,1.493131034,0.976769586,-0.732156311,-2.115314288
0,0.432120765,-3.102969039,0.119386208,0.043566207,0.286649912,-2.323648542,-0.192801111,0.286892674,1.406470821,0.175583516,-0.638506378,0.590353341,1.825134829,-0.031703273,1.498775966,-0.016814934,-0.636511182,1.080268873,0.257853238,-1.924840554
0,1.800098895,1.538628522,-0.581952264,0.849799639,-0.812945987,0.64500068,-1.318790443,0.607401653,-1.225758011,-1.915764047,-0.751235546,-0.695650316,2.189572576,-1.391810605,-0.415396678,0.936232083,0.663963948,0.380846092,-0.545123067,0.611747963
0,1.942424562,0.541813902,0.663943124,0.693232431,0.338382536,1.889773568,0.14096624,2.208732238,-0.750629004,-0.809580463,0.996837408,0.127610603,-0.167453828,0.581354561,1.421248614,1.837098265,-0.565777694,0.250579127,0.69329962,-1.050415432
1,-0.399395507,-1.826759919,-1.3152502,0.001900173,0.044305829,-2.319848912,0.613060757,-0.489315011,0.791072123,2.684109578,-0.267689514,0.31101872,1.832881299,1.5300657,-0.541638612,0.317054759,1.260317684,-1.067750281,-0.335449729,0.584845036
1,-0.562071935,-1.502224802,-0.725082448,-0.654025511,-1.923790696,-1.078993693,0.131773996,-0.567404073,-1.020675791,0.760932571,-0.842117228,-0.484245906,0.626705915,-0.258867489,0.951143817,-2.130124081,-1.161445725,-0.786794077,1.831557814,0.930594753
0,-0.108265017,-0.421337827,1.706733808,0.737278641,-0.23667202,0.482834813,-0.151199926,1.092253068,0.474507945,-0.136450255,2.445662209,0.574606651,1.512684623,-0.356372726,0.488371591,-0.137963008,-1.141918666,0.651902693,-1.417572008,-1.343270771
0,1.183577331,0.626695366,0.26003895,1.068448782,0.787490973,-0.365612961,0.057978378,-0.243823416,1.094852397,0.179011794,0.98858142,-1.066477485,0.168464862,-1.371483118,-0.175629736,0.015181085,0.079801207,1.283431544,-1.241163202,-0.552617372
1,0.439795742,-0.642020529,-0.379692587,-0.31447834,-0.073303612,-0.696506379,0.294437419,0.212288166,-0.207365525,0.1497455,0.574748187,0.038016989,-0.757211168,0.694561935,-1.405142969,0.148993882,-2.253572175,-0.179933044,0.235971611,0.945859098
0,0.430533837,0.616012558,-0.369982779,0.681595414,0.01628098,-1.825114019,1.312405324,0.398037668,0.619620808,-0.331254923,-0.310544323,0.168111868,1.452563574,0.124330663,1.620962096,-0.541972735,-0.54000988,-0.443948595,-1.789788866,-1.360263871
0,2.433083012,0.38432951,-0.060293629,-0.650530517,-0.494670568,0.23448055,-0.272153302,-0.093753613,0.239693266,-0.404472949,1.034255025,0.85365791,-0.190824957,0.918479823,-3.110817631,2.946306569,-0.40217282,0.001841687,-1.560852071,-0.651289679
1,-0.961178215,-0.464376421,-0.954859415,1.690957504,-1.023546614,0.356427322,-0.397750467,0.207904605,-0.001752868,-0.070187936,-0.29674919,0.295531753,-0.73784356,-0.627293596,-0.917092572,-2.070791396,-0.337746458,-0.074776134,0.274536381,0.04723556
1,-0.525313984,-0.725948839,-0.831873969,0.095856472,-1.659616211,-0.537543407,-2.289977428,0.524052027,0.578293619,-1.305048843,-0.001751481,-2.511202803,-0.413917773,-0.536034438,-0.786233014,0.036093084,-1.39102435,-1.649009816,-0.616603348,-0.282898492
1,-0.433166404,-0.05551299,0.549257803,0.267536874,-1.05499921,-0.566712911,1.012356181,-0.827450018,1.161503229,-0.402102392,-0.346401906,-2.07163826,4.24E-04,1.079737187,-1.442484559,-1.294848759,-0.307014105,1.211961577,0.665552379,1.316913326
0,0.432499728,-0.103233546,-0.472917062,-1.221167137,0.012053366,0.954719958,-1.043017327,-0.341698439,-0.470741859,-0.850509201,-0.015398001,1.748609893,-0.658243707,-0.636926528,1.300239044,0.171379343,-0.426965931,-1.02614181,-0.865977766,-0.851931842
1,1.526307466,-0.492275148,-0.376285081,1.617945663,0.573934146,0.631735182,0.816193567,-0.567326478,-2.119093925,0.678141492,-0.337994877,-0.650762062,-0.494897788,0.494859781,0.230768276,-1.396860676,-0.510482822,0.344930123,0.042977943,-0.817213677
0,-0.491369143,-0.049533028,1.276821652,1.680955499,-1.407786549,0.147022972,-0.34973146,0.586829026,0.514605266,-0.48692424,2.557007737,0.744773862,-1.194954522,-1.105159119,1.28585635,-1.056169671,1.138872704,1.003092566,-0.294393897,-2.840039222
1,-0.993603634,-1.061403713,0.078148166,-0.971734196,1.254480719,-0.887947743,1.062852649,-0.798729005,-1.238509698,0.091537862,1.719503941,1.992510185,0.752289222,0.330863481,-0.162650668,-0.590183939,-0.690473328,1.175623054,0.02853582,-1.382745974
0,0.314812706,0.480939304,-1.085614486,-0.975168556,-0.184325945,0.755402645,-0.561631686,1.976160279,-1.052166295,0.199130947,1.854583615,0.19628328,0.075931954,-0.833659283,0.817431472,-1.493858219,-0.177204882,0.12835486,-1.801021397,0.024079847
0,-0.275972612,1.097902214,1.481603602,-0.294767041,0.916708833,-0.219967796,-1.038139383,-1.094090993,0.872060301,0.78116173,-0.710051084,0.190100935,-0.604211693,-1.522882334,0.927580026,0.034207796,-0.422993921,-1.125911601,-0.085742961,-0.274601299
0,0.804368199,0.154779008,0.173028894,-1.117152799,-0.60001407,1.545785002,-0.923241487,0.614326174,0.308180421,0.336615986,0.555618892,0.075102972,-0.709701041,0.315835868,0.970821026,1.7193584,-0.680019352,1.524389538,3.364103762,-0.517851218
1,-0.192835843,-1.330106838,-0.398118806,-0.359878138,1.003244237,-0.469401621,1.445070598,-1.788728824,-0.710340081,-0.071830426,-0.748730969,-1.346661572,-0.444077085,-0.337706812,-0.219782692,-0.949931771,-0.015122745,-0.544640688,-1.909832897,0.253865565
0,-0.88334621,0.383802063,1.475093867,2.198440023,-0.492162998,1.306352179,0.223079969,-0.209756138,0.41929811,1.131142136,-0.134996281,-2.023158672,0.242453391,-0.739594861,0.061818547,0.552775416,-0.433493408,1.595153708,-1.540528357,0.55532913
1,0.534328536,0.49289789,1.608984612,-2.106326469,-0.222371379,0.014400687,1.754880139,-0.541516162,-0.804573364,-0.439075981,0.661936386,0.025935973,-0.808062891,0.466114252,-0.784088501,-0.914773856,0.912231842,-2.616273903,-0.462700931,-0.27637271
1,-1.689459124,1.24416698,0.284405978,0.105982253,-0.822705679,0.426467374,1.263939266,-1.821642594,0.314264765,1.599312387,-1.193401033,0.5059685,-2.14891624,0.756259391,-0.418959276,-0.761673591,1.464441007,-0.125949301,0.226552246,2.262310397
0,-0.46914107,0.275774518,-0.57029409,-1.088433464,0.172327635,1.088396338,0.247375965,0.357170948,0.449903516,-1.252632803,0.133926152,0.109769952,-1.430041195,-0.540583719,0.680970337,-0.378948023,3.3958286,-2.168780485,0.641608931,0.111098169
0,2.197805406,-0.552748137,-0.038506158,1.001568025,-1.068765285,0.886987352,0.925982907,1.357808865,-1.496706286,-0.751739029,0.650264991,0.064381226,1.442092095,0.814628828,1.341646285,0.426864176,-0.905385515,0.477724423,1.494235983,0.90471794
1,-0.56732848,-0.503682191,-1.18980617,-0.360910161,-0.345517306,-0.178489844,-0.170764848,1.093373568,0.681022374,0.502256767,-0.138982675,-0.733412201,-0.734078179,0.998410749,0.270328529,0.04623446,1.076634684,-0.034046911,-0.306468937,-0.794841472
0,1.223775592,-0.75121167,0.538411567,-0.602848393,0.214601564,0.831629271,-1.537574868,-0.824710437,0.086422635,-0.294930152,0.814281621,0.43018034,-0.167027181,1.583379215,1.172948545,1.66772038,0.60774671,-0.16798863,-1.56052493,-0.880592554
0,-0.923845212,-0.812345708,-1.855361028,0.772742503,-0.035313706,1.25771443,0.56909162,-0.578889062,0.601045615,-0.826421148,0.265992296,0.822455668,1.094579469,0.983567505,-1.820412555,1.25825042,-0.341055897,-0.367753944,1.819399426,0.719613239
1,-0.47686248,0.711550055,0.047291684,-1.167455123,-0.586420748,-0.055219516,-0.291002877,-0.263199684,-0.04048863,1.232929873,-2.664875454,-0.152968202,0.007776662,1.476203198,-0.581502235,0.676406192,1.515651229,-1.069658546,-1.709125025,-0.408373899
0,-0.325831028,0.190760791,-0.783746553,-1.022270691,0.168555704,1.413465903,0.553835844,1.997611934,-1.678624763,-1.357466692,-0.583087146,-1.907941111,-0.585379542,-0.115793755,0.219825109,1.839774394,-2.604909809,0.505229574,1.851278991,-0.491126024
0,0.314118715,-0.935278314,-0.725226192,0.490336688,-0.381807,-0.226358444,-0.178604344,0.183344501,1.4976803,-2.039066637,0.401749495,-1.04204111,0.708092534,0.240072742,-0.32727045,0.958316878,-0.127023978,-1.753775231,-0.747369404,0.18215306
0,-0.666418113,-0.79663743,0.948011759,0.115129119,-0.425744563,-0.659361471,0.643622231,-0.234744175,0.059281038,-0.073800764,2.019938033,-0.181491096,0.778275595,0.643098485,-0.142973459,2.093374919,-0.153166503,-0.105129381,-0.115011304,-0.762181757
1,0.507700425,0.602365874,0.334736869,-1.709177545,0.152048048,-0.2696063,0.335577059,0.031840341,0.892187807,1.509844596,-0.147899466,-0.940522003,1.435381223,1.508968132,-1.118563815,0.152946619,0.967028365,0.726865659,0.853225319,0.614002809
1,-0.436482059,-0.169462935,-1.33616169,0.3474304,-0.321767665,-0.587149562,-0.486884958,-0.296241429,1.575015329,1.08555696,1.045396159,-2.259154669,-0.17157618,0.300395296,-0.913460747,-0.042978805,0.287648882,1.086389774,1.761957725,-0.04940703
1,-1.274989675,0.292797397,-1.725248534,-2.473376124,-1.839344199,-1.158895027,1.401408405,0.210506946,1.063888091,-0.959389791,-0.770618373,0.02622058,-0.31091434,2.590213589,-0.335413136,-2.196300115,0.220184252,-0.779165017,0.206229227,-0.476221293
0,0.356828274,0.026083309,-0.025643242,-1.469719429,0.235079906,-1.670668206,-0.461341535,-1.699845893,-0.279035021,-0.008525604,-2.12291527,0.550875417,-0.163474647,0.149706952,-0.558997778,-2.970471316,-1.226142122,-0.629306126,-0.792991664,-0.383125374
0,-0.209324828,-0.515663535,0.458729944,-0.237285301,0.459129746,0.338458486,0.276757327,-0.606179482,-0.842823056,-2.383887618,0.242098209,-0.037374276,1.025420553,0.613253484,-0.526677792,-0.270522456,0.048062293,0.725069338,0.294384663,-1.428676457
1,-0.638532389,-0.667274524,-1.154221449,-0.18652049,0.262964613,0.617579743,1.219507296,-0.998773434,-1.77151316,-0.806495229,1.19123478,0.724084344,-1.506937515,-6.66E-04,0.82993118,-0.532528425,-1.551874265,-0.474475292,-0.319987287,0.069542596
0,0.611718359,-0.451674858,1.327042956,-1.473081448,-0.802641152,-0.115999496,0.639409387,1.104530224,0.459986627,1.818213431,-0.328006237,-1.729884225,1.007471763,-0.148733316,2.146189167,0.412450298,-1.822638461,1.18220895,-0.068441307,-0.313475763
0,0.102232501,0.010874633,0.591223102,-0.3844836,0.418830583,0.754905021,-0.6921229,-0.10121059,-1.444937651,-0.628140798,0.305806334,-0.37249806,-2.613548895,-0.711873856,-0.67352766,3.166425616,0.558661873,-0.407556867,-0.425209614,-1.310161686
0,-0.01719932,-0.575350708,1.046913394,-0.186020787,-0.474214261,0.196182435,0.934307782,-0.452733989,-0.178326844,-0.446732253,1.734665452,2.245362372,0.118544223,1.103236804,0.324989287,-0.243723954,-0.480148314,-0.186261224,-0.425469382,0.150851228
0,-0.693864155,0.748487401,1.896106019,0.043209934,-0.400209215,1.105694103,1.094742715,-1.226987601,-0.415855034,-0.045898688,1.838092137,-0.648987546,1.557464492,0.17200367,0.255864608,-0.005162879,0.010884384,1.923310628,-2.396346942,-0.404320687
0,0.71164271,-0.759614408,0.509788804,1.08356783,0.093602276,0.332809457,-1.521209839,-0.232753621,-1.817548438,-1.765840371,-0.805582929,0.100782908,1.410598435,0.318797771,0.882584342,1.041475187,-1.488643716,0.167848094,-0.259196039,1.537566504
1,-0.857249932,-0.120331392,0.707076874,0.781888532,1.126927815,-0.501341438,-0.364560476,-0.801019228,2.199637756,-1.513183051,-0.780829798,-0.770436286,0.800740455,-0.817657734,-0.414240426,0.11937308,0.175391901,-0.693011409,-0.614459221,1.462648872
0,1.370493084,1.235532381,1.443454623,0.031552844,2.366846717,0.208553173,-1.785494905,-1.099399329,-0.220957942,-0.177724933,-0.28826745,0.208418418,-0.326343331,0.123611172,-0.893500168,0.25248122,0.409307766,1.907660091,-0.623849761,0.219092006
1,-0.383761957,0.88950126,-0.861708947,-2.546933248,1.212218689,0.791095977,1.492778795,1.054761168,-1.467624085,-1.041169466,-1.604765022,0.444699955,-0.138899933,0.373799841,-0.689777648,-1.763956478,1.238900005,0.109026185,0.700815525,0.294119241
0,2.35326297,0.442902887,-0.052680556,0.808608636,0.659757824,0.572883753,-0.89576299,0.576602647,-0.583955862,1.351180873,-0.966236477,1.133938421,-1.04321256,-1.309268527,-0.207380211,0.196249465,0.639489796,1.066401741,-0.142779035,-0.945332574
0,1.798450532,0.541069586,2.450055369,-0.442708413,0.729666584,1.698255461,-0.331122159,-1.921037097,-1.207058475,0.168108899,0.298538853,-0.4292919,0.188881431,-0.57204645,0.859344228,0.30541005,1.308252221,-1.561313912,1.893676379,-2.148515202
1,-0.844979899,-0.801972408,-0.398335133,-0.671495046,-0.256681459,-0.861067447,0.736590795,-0.646936758,1.017543933,0.720327338,0.913541202,0.32979033,-0.325382658,0.768392178,-0.135948874,-0.290226891,1.459515912,0.180265191,0.354080927,0.370307668
1,-0.661236932,-1.80219214,1.048343002,0.939934359,-0.795162953,-0.263554284,0.803638778,0.422843298,-1.109338211,0.321332392,0.28400389,-0.246281922,-1.452986631,-0.664731473,0.035529964,-0.426770417,0.683646884,1.39808426,-0.849625584,1.211416645
0,0.088537697,0.276788447,-0.945276984,0.951542523,1.275422675,0.253600872,-1.364268539,0.11498816,0.40104508,-0.935915817,1.574960223,0.43147118,0.34581475,1.607384724,-0.361267279,0.679136676,0.604029185,0.045991947,0.500185792,0.106648907
0,-0.552652159,0.235939427,1.070621123,1.233236209,2.121769426,-1.611975425,0.190137659,1.4670852,1.207131565,-0.188780895,-1.478094535,-1.235534885,0.43740846,0.011274308,0.855754247,1.425770196,1.594219889,0.107827407,-1.286698989,-0.448027724
1,-0.459349118,-0.726742419,-0.465665838,1.959568588,0.20056402,-1.034287379,-0.433428226,2.19203475,1.309661089,0.914832384,-0.740528924,0.830894339,-2.607005056,1.079612026,1.663643122,-0.623593433,1.967935494,0.267069854,0.448019325,-1.698412519
0,1.366806323,-1.706346742,2.567323805,-0.163671307,-0.096844362,0.668575183,-0.261904626,0.803425887,-0.843303474,-1.205205389,-1.642286479,-0.574189445,0.235981137,-1.043148009,-0.776118731,-0.721687136,0.306340427,0.724044626,-0.232838278,0.865088109
0,-0.302995044,0.479240496,-0.617178337,-0.851751941,1.266651909,-0.430136477,-0.98992777,0.390630202,-0.024067685,-2.855559967,-1.239948247,-1.134956692,-1.109979576,0.992603484,-1.519757154,0.323799436,-0.03125503,-1.359807326,0.451940848,-0.821651682
0,0.188743859,-2.416977792,1.590413226,0.532283309,0.663715289,0.06478253,1.313371251,-1.596946568,-1.917953104,-1.015834076,-0.73654253,1.446024603,-1.184363256,-0.218407002,-1.36597562,0.505172156,0.406742817,0.049136509,0.845180501,0.946042756
1,-1.670424196,1.057171267,-0.77678175,0.05454922,-0.977022156,0.596554615,-0.264107028,0.95536377,0.23918798,0.842008787,0.682403199,0.158461052,-1.151239363,-1.109131307,-0.408966217,-0.3314498,-0.268113209,-0.353279119,1.384732694,0.756470724
0,1.174023971,1.190217465,0.866858543,1.2911658,1.908781099,-0.185515426,-0.608939856,-2.065032164,-0.271921737,-0.863765283,-1.728792029,-0.276537341,-0.269519018,-0.613693722,-0.061341689,0.740203825,-0.408767047,0.148091328,-1.451274116,-0.148863735
1,-1.28023729,-1.628588757,0.823747209,1.5455619,-1.207266442,0.128479081,0.815655044,-0.59365043,0.288745282,0.632530624,-0.42187259,1.055772939,-0.450255363,-0.660737925,0.396564617,0.506281292,1.569306931,0.717900353,0.559942831,-0.053690408
0,-0.052855387,0.898376022,-2.091273071,1.209105779,-0.244099539,0.428326753,-1.24676306,1.781103382,-1.773439351,-0.314102313,-1.033771594,0.905973625,-0.070152393,0.097088944,0.247660079,0.969431258,-1.018519349,-0.493027129,0.097165947,-0.175864416
